invoice_id,supplier_id,issue_date,due_date,currency,amount
INV-001,SUP-1,2025-01-01,2025-01-31,USD,100
INV-002,SUP-2,2025-01-01,2025-01-31,USD,200
INV-003,SUP-3,2025-01-01,2025-01-31,USD,300
INV-004,SUP-4,2025-01-01,2025-01-31,USD,400
INV-005,SUP-1,2025-01-01,2025-01-31,USD,500
INV-006,SUP-2,2025-01-01,2025-01-31,USD,600
INV-007,SUP-3,2025-01-01,2025-01-31,USD,700
INV-008,SUP-4,2025-01-01,2025-01-31,USD,800
INV-009,SUP-1,2025-01-01,2025-01-31,USD,900
INV-010,SUP-2,2025-01-01,2025-01-31,USD,1000
INV-011,SUP-3,2025-01-01,2025-01-31,USD,1100
INV-012,SUP-4,2025-01-01,2025-01-31,USD,1200
