payment_id,invoice_id,supplier_id,payment_date,currency,amount
PAY-001,INV-001,SUP-1,2025-01-29,USD,100
PAY-002,INV-002,SUP-2,2025-01-29,USD,200
PAY-003,INV-003,SUP-3,2025-01-29,USD,300
PAY-004,INV-004,SUP-4,2025-01-29,USD,400
PAY-005,INV-005,SUP-1,2025-01-29,USD,250
PAY-006,INV-006,SUP-2,2025-01-29,USD,600
PAY-007,INV-007,SUP-3,2025-01-29,USD,700
PAY-008,INV-008,SUP-4,2025-01-29,USD,800
PAY-009,INV-009,SUP-1,2025-01-29,USD,900
PAY-002,INV-002,SUP-2,2025-01-29,USD,200
PAY-010,UNKNOWN,SUP-9,2025-01-31,USD,35
